{
  "city_mean": {
    "0": 4.884035042031142,
    "1": 4.620079184377521,
    "2": 4.986798219725738,
    "3": 4.7204963066599115,
    "4": 4.719340076585737,
    "5": 5.170014250462077
  },
  "city_med": {
    "0": 4.912654886,
    "1": 4.59511985,
    "2": 4.828313737,
    "3": 4.605170186,
    "4": 4.65396035,
    "5": 5.105945474
  },
  "city_std": {
    "0": 0.6646923649162632,
    "1": 0.7002376153220811,
    "2": 0.8211597833588394,
    "3": 0.7392693508081237,
    "4": 0.6615671660136396,
    "5": 0.6795143398601635
  },
  "room_mean": {
    "0": 5.167216959713968,
    "1": 4.327752836534239,
    "2": 3.8615347541026357
  },
  "room_std": {
    "0": 0.6094426049716416,
    "1": 0.49760998308396237,
    "2": 0.6548901018154544
  },
  "prop_mean": {
    "0": 4.758850025392098,
    "1": 4.556067512281386,
    "2": 5.200864630815385,
    "3": 5.083351792391304,
    "4": 4.783267621095629,
    "5": 4.646498617194444,
    "6": 4.602237913382979,
    "7": 4.382026635,
    "8": 5.368423806615384,
    "9": 4.909373162,
    "10": 4.7643252785,
    "11": 5.026538584016554,
    "12": 3.746140275957747,
    "13": 5.285391225750001,
    "14": 4.717513044471545,
    "15": 4.685184390771084,
    "16": 3.6473330656142857,
    "17": 4.7971135757647625,
    "18": 4.02283693,
    "19": 4.816649318098592,
    "20": 5.010635294,
    "21": 5.521460918,
    "22": 5.007918788872991,
    "23": 4.94636680261944,
    "24": 4.605170186,
    "25": 5.147466758190476,
    "26": 4.197130952444444,
    "27": 5.602600194623377,
    "28": 5.246117704333334,
    "29": 4.833538580303783,
    "30": 5.204398998,
    "31": 4.845520114285714,
    "32": 5.420951027909092,
    "33": 5.1124268969553075,
    "34": 4.944359564222222
  }
}