{
  "r2": 0.7267016343450552,
  "rmse": 0.34694558958668337,
  "mae": 40.720606627574064
}